zbior,topologia,sasiedztwo,siatka,epoki,sigma,alpha0,lambda,seed,blad_kwantyzacji,klasy_rzeczywiste,klastry_na_mapie,zgodna_liczba_klastrow,aktywne_neurony,neurony_jednoklasowe,wszystkie_neurony_jednoklasowe,srednia_czystosc,min_czystosc
mnist,rectangular,mexican_hat,8x8,10,0.5,0.03,9000.0,42,19.945336,10,15,False,17,4,False,0.681884,0.25
mnist,rectangular,mexican_hat,8x8,10,0.5,0.05,9000.0,42,19.710692,10,15,False,15,1,False,0.646472,0.294118
mnist,rectangular,mexican_hat,8x8,10,0.5,0.08,9000.0,42,19.994731,10,13,False,13,0,False,0.621676,0.330435
mnist,rectangular,mexican_hat,8x8,10,0.7,0.03,9000.0,42,20.758037,10,10,True,10,3,False,0.635326,0.241573
mnist,rectangular,mexican_hat,8x8,10,0.7,0.05,9000.0,42,21.229746,10,8,False,8,2,False,0.673981,0.298283
mnist,rectangular,mexican_hat,8x8,10,0.7,0.08,9000.0,42,21.130838,10,7,False,7,1,False,0.576452,0.325373
mnist,rectangular,mexican_hat,8x8,10,0.9,0.03,9000.0,42,21.506581,10,4,False,4,0,False,0.398465,0.279208
mnist,rectangular,mexican_hat,8x8,10,0.9,0.05,9000.0,42,21.559941,10,4,False,4,0,False,0.412599,0.289528
mnist,rectangular,mexican_hat,8x8,10,0.9,0.08,9000.0,42,21.616525,10,4,False,4,0,False,0.39678,0.267045
mnist,rectangular,mexican_hat,8x8,10,1.1,0.03,9000.0,42,20.570538,10,8,False,8,0,False,0.517861,0.27
mnist,rectangular,mexican_hat,8x8,10,1.1,0.05,9000.0,42,20.92344,10,6,False,6,0,False,0.49275,0.258333
mnist,rectangular,mexican_hat,8x8,10,1.1,0.08,9000.0,42,21.041326,10,6,False,6,0,False,0.457258,0.224265
mnist,rectangular,mexican_hat,10x10,10,0.5,0.03,9000.0,42,19.439464,10,25,False,25,6,False,0.736125,0.331034
mnist,rectangular,mexican_hat,10x10,10,0.5,0.05,9000.0,42,19.215622,10,26,False,26,8,False,0.782799,0.3125
mnist,rectangular,mexican_hat,10x10,10,0.5,0.08,9000.0,42,19.352964,10,23,False,23,5,False,0.726767,0.310976
mnist,rectangular,mexican_hat,10x10,10,0.7,0.03,9000.0,42,20.307834,10,15,False,15,5,False,0.699149,0.294479
mnist,rectangular,mexican_hat,10x10,10,0.7,0.05,9000.0,42,20.008834,10,14,False,14,2,False,0.668989,0.318436
mnist,rectangular,mexican_hat,10x10,10,0.7,0.08,9000.0,42,20.327391,10,12,False,12,2,False,0.607979,0.388889
mnist,rectangular,mexican_hat,10x10,10,0.9,0.03,9000.0,42,20.584424,10,8,False,8,1,False,0.574493,0.268293
mnist,rectangular,mexican_hat,10x10,10,0.9,0.05,9000.0,42,20.731874,10,12,False,12,5,False,0.708264,0.258772
mnist,rectangular,mexican_hat,10x10,10,0.9,0.08,9000.0,42,20.629066,10,8,False,8,0,False,0.517812,0.3125
mnist,rectangular,mexican_hat,10x10,10,1.1,0.03,9000.0,42,20.345544,10,14,False,14,5,False,0.717521,0.355705
mnist,rectangular,mexican_hat,10x10,10,1.1,0.05,9000.0,42,20.114269,10,10,True,11,0,False,0.565844,0.263158
mnist,rectangular,mexican_hat,10x10,10,1.1,0.08,9000.0,42,20.247866,10,12,False,13,3,False,0.685653,0.256757
mnist,rectangular,mexican_hat,12x8,10,0.5,0.03,9000.0,42,19.382524,10,24,False,24,5,False,0.755061,0.45
mnist,rectangular,mexican_hat,12x8,10,0.5,0.05,9000.0,42,19.271634,10,21,False,21,3,False,0.701367,0.3125
mnist,rectangular,mexican_hat,12x8,10,0.5,0.08,9000.0,42,19.388311,10,20,False,20,2,False,0.692565,0.310606
mnist,rectangular,mexican_hat,12x8,10,0.7,0.03,9000.0,42,20.164978,10,13,False,13,1,False,0.664477,0.31383
mnist,rectangular,mexican_hat,12x8,10,0.7,0.05,9000.0,42,20.281901,10,12,False,12,2,False,0.615082,0.268657
mnist,rectangular,mexican_hat,12x8,10,0.7,0.08,9000.0,42,20.341757,10,10,True,10,0,False,0.61441,0.278351
mnist,rectangular,mexican_hat,12x8,10,0.9,0.03,9000.0,42,20.751298,10,8,False,8,1,False,0.572432,0.267516
mnist,rectangular,mexican_hat,12x8,10,0.9,0.05,9000.0,42,20.844595,10,8,False,8,1,False,0.56047,0.248756
mnist,rectangular,mexican_hat,12x8,10,0.9,0.08,9000.0,42,20.814451,10,8,False,8,1,False,0.623785,0.234818
mnist,rectangular,mexican_hat,12x8,10,1.1,0.03,9000.0,42,20.683635,10,12,False,12,4,False,0.67745,0.275168
mnist,rectangular,mexican_hat,12x8,10,1.1,0.05,9000.0,42,20.208166,10,12,False,12,2,False,0.62253,0.296296
mnist,rectangular,mexican_hat,12x8,10,1.1,0.08,9000.0,42,20.271462,10,10,True,11,1,False,0.622515,0.272727
mnist,hexagonal,mexican_hat,8x8,10,0.5,0.03,9000.0,42,19.754031,10,16,False,18,4,False,0.710617,0.275591
mnist,hexagonal,mexican_hat,8x8,10,0.5,0.05,9000.0,42,19.607755,10,15,False,15,0,False,0.610543,0.3125
mnist,hexagonal,mexican_hat,8x8,10,0.5,0.08,9000.0,42,19.813561,10,15,False,15,1,False,0.655511,0.327957
mnist,hexagonal,mexican_hat,8x8,10,0.7,0.03,9000.0,42,20.830575,10,9,False,10,3,False,0.703353,0.255319
mnist,hexagonal,mexican_hat,8x8,10,0.7,0.05,9000.0,42,20.856543,10,9,False,9,3,False,0.671605,0.260684
mnist,hexagonal,mexican_hat,8x8,10,0.7,0.08,9000.0,42,20.726038,10,10,True,10,2,False,0.638276,0.268519
mnist,hexagonal,mexican_hat,8x8,10,0.9,0.03,9000.0,42,21.433735,10,8,False,10,4,False,0.679188,0.272727
mnist,hexagonal,mexican_hat,8x8,10,0.9,0.05,9000.0,42,21.205173,10,6,False,6,0,False,0.505708,0.232283
mnist,hexagonal,mexican_hat,8x8,10,0.9,0.08,9000.0,42,21.320964,10,5,False,5,0,False,0.489293,0.321267
mnist,hexagonal,mexican_hat,8x8,10,1.1,0.03,9000.0,42,20.129322,10,10,True,12,0,False,0.580421,0.222222
mnist,hexagonal,mexican_hat,8x8,10,1.1,0.05,9000.0,42,20.483473,10,10,True,10,1,False,0.594672,0.307018
mnist,hexagonal,mexican_hat,8x8,10,1.1,0.08,9000.0,42,20.240723,10,12,False,12,0,False,0.56937,0.2
mnist,hexagonal,mexican_hat,10x10,10,0.5,0.03,9000.0,42,19.185209,10,29,False,30,10,False,0.75865,0.188406
mnist,hexagonal,mexican_hat,10x10,10,0.5,0.05,9000.0,42,19.294937,10,27,False,28,8,False,0.767661,0.387387
mnist,hexagonal,mexican_hat,10x10,10,0.5,0.08,9000.0,42,19.406798,10,23,False,23,4,False,0.700131,0.369231
mnist,hexagonal,mexican_hat,10x10,10,0.7,0.03,9000.0,42,20.414538,10,13,False,13,5,False,0.708387,0.280822
mnist,hexagonal,mexican_hat,10x10,10,0.7,0.05,9000.0,42,20.139507,10,13,False,13,2,False,0.610024,0.285714
mnist,hexagonal,mexican_hat,10x10,10,0.7,0.08,9000.0,42,20.312349,10,14,False,14,4,False,0.677848,0.354839
mnist,hexagonal,mexican_hat,10x10,10,0.9,0.03,9000.0,42,20.609406,10,13,False,13,3,False,0.673344,0.285068
mnist,hexagonal,mexican_hat,10x10,10,0.9,0.05,9000.0,42,20.517407,10,8,False,8,0,False,0.51053,0.344595
mnist,hexagonal,mexican_hat,10x10,10,0.9,0.08,9000.0,42,20.927279,10,10,True,10,4,False,0.684948,0.282051
mnist,hexagonal,mexican_hat,10x10,10,1.1,0.03,9000.0,42,19.751674,10,17,False,18,3,False,0.657428,0.27027
mnist,hexagonal,mexican_hat,10x10,10,1.1,0.05,9000.0,42,19.573269,10,18,False,20,5,False,0.704036,0.193548
mnist,hexagonal,mexican_hat,10x10,10,1.1,0.08,9000.0,42,19.579146,10,18,False,18,3,False,0.704022,0.216216
mnist,hexagonal,mexican_hat,12x8,10,0.5,0.03,9000.0,42,19.256134,10,26,False,26,6,False,0.742873,0.39779
mnist,hexagonal,mexican_hat,12x8,10,0.5,0.05,9000.0,42,19.149131,10,27,False,27,6,False,0.733262,0.357143
mnist,hexagonal,mexican_hat,12x8,10,0.5,0.08,9000.0,42,19.103435,10,25,False,25,3,False,0.689434,0.416667
mnist,hexagonal,mexican_hat,12x8,10,0.7,0.03,9000.0,42,20.414503,10,16,False,16,6,False,0.747641,0.268041
mnist,hexagonal,mexican_hat,12x8,10,0.7,0.05,9000.0,42,20.30457,10,10,True,10,1,False,0.556679,0.285714
mnist,hexagonal,mexican_hat,12x8,10,0.7,0.08,9000.0,42,20.313611,10,10,True,10,1,False,0.539552,0.300813
mnist,hexagonal,mexican_hat,12x8,10,0.9,0.03,9000.0,42,20.674865,10,10,True,10,2,False,0.65544,0.221106
mnist,hexagonal,mexican_hat,12x8,10,0.9,0.05,9000.0,42,20.567273,10,9,False,9,1,False,0.535343,0.186275
mnist,hexagonal,mexican_hat,12x8,10,0.9,0.08,9000.0,42,20.753103,10,8,False,8,1,False,0.638653,0.253394
mnist,hexagonal,mexican_hat,12x8,10,1.1,0.03,9000.0,42,20.017371,10,18,False,19,4,False,0.669782,0.369863
mnist,hexagonal,mexican_hat,12x8,10,1.1,0.05,9000.0,42,19.990418,10,15,False,16,2,False,0.632572,0.366013
mnist,hexagonal,mexican_hat,12x8,10,1.1,0.08,9000.0,42,19.957327,10,16,False,17,1,False,0.623552,0.25
har,rectangular,mexican_hat,6x6,12,0.5,0.03,9000.0,42,14.752937,6,8,False,8,0,False,0.581973,0.42928
har,rectangular,mexican_hat,6x6,12,0.5,0.05,9000.0,42,14.753881,6,8,False,8,0,False,0.619672,0.437653
har,rectangular,mexican_hat,6x6,12,0.5,0.08,9000.0,42,14.754692,6,8,False,8,0,False,0.636671,0.439506
har,rectangular,mexican_hat,6x6,12,0.7,0.03,9000.0,42,15.418902,6,6,True,6,1,False,0.636436,0.351181
har,rectangular,mexican_hat,6x6,12,0.7,0.05,9000.0,42,15.142361,6,5,False,5,0,False,0.476219,0.426667
har,rectangular,mexican_hat,6x6,12,0.7,0.08,9000.0,42,15.810828,6,3,False,3,0,False,0.445757,0.350548
har,rectangular,mexican_hat,6x6,12,0.9,0.03,9000.0,42,15.539236,6,4,False,4,0,False,0.477517,0.350629
har,rectangular,mexican_hat,6x6,12,0.9,0.05,9000.0,42,15.494789,6,4,False,5,0,False,0.536873,0.351181
har,rectangular,mexican_hat,6x6,12,0.9,0.08,9000.0,42,15.811072,6,3,False,3,0,False,0.445757,0.350548
har,rectangular,mexican_hat,6x6,12,1.1,0.03,9000.0,42,15.101824,6,6,True,7,2,False,0.64607,0.447154
har,rectangular,mexican_hat,6x6,12,1.1,0.05,9000.0,42,15.995153,6,3,False,3,0,False,0.443192,0.350238
har,rectangular,mexican_hat,6x6,12,1.1,0.08,9000.0,42,15.984139,6,3,False,3,0,False,0.443495,0.350711
har,rectangular,mexican_hat,7x7,12,0.5,0.03,9000.0,42,14.708253,6,12,False,13,6,False,0.753813,0.480106
har,rectangular,mexican_hat,7x7,12,0.5,0.05,9000.0,42,14.47815,6,10,False,10,2,False,0.704154,0.355556
har,rectangular,mexican_hat,7x7,12,0.5,0.08,9000.0,42,14.712906,6,11,False,11,3,False,0.72308,0.437229
har,rectangular,mexican_hat,7x7,12,0.7,0.03,9000.0,42,14.967841,6,7,False,7,1,False,0.600109,0.428571
har,rectangular,mexican_hat,7x7,12,0.7,0.05,9000.0,42,15.018781,6,7,False,7,1,False,0.577207,0.433414
har,rectangular,mexican_hat,7x7,12,0.7,0.08,9000.0,42,15.091567,6,5,False,5,0,False,0.564515,0.359223
har,rectangular,mexican_hat,7x7,12,0.9,0.03,9000.0,42,15.361454,6,4,False,4,0,False,0.460775,0.417355
har,rectangular,mexican_hat,7x7,12,0.9,0.05,9000.0,42,16.114912,6,3,False,3,0,False,0.40996,0.371841
har,rectangular,mexican_hat,7x7,12,0.9,0.08,9000.0,42,16.120626,6,3,False,3,0,False,0.413406,0.371841
har,rectangular,mexican_hat,7x7,12,1.1,0.03,9000.0,42,14.593908,6,7,False,8,0,False,0.638609,0.460829
har,rectangular,mexican_hat,7x7,12,1.1,0.05,9000.0,42,14.562563,6,6,True,8,0,False,0.615947,0.447005
har,rectangular,mexican_hat,7x7,12,1.1,0.08,9000.0,42,14.944446,6,6,True,7,1,False,0.594444,0.444149
har,rectangular,mexican_hat,8x8,12,0.5,0.03,9000.0,42,14.26563,6,15,False,15,5,False,0.789853,0.460177
har,rectangular,mexican_hat,8x8,12,0.5,0.05,9000.0,42,14.292987,6,14,False,14,4,False,0.752475,0.40404
har,rectangular,mexican_hat,8x8,12,0.5,0.08,9000.0,42,14.325996,6,11,False,11,1,False,0.659022,0.489583
har,rectangular,mexican_hat,8x8,12,0.7,0.03,9000.0,42,14.961524,6,9,False,9,3,False,0.70868,0.420635
har,rectangular,mexican_hat,8x8,12,0.7,0.05,9000.0,42,14.771662,6,7,False,7,1,False,0.630606,0.41129
har,rectangular,mexican_hat,8x8,12,0.7,0.08,9000.0,42,14.800933,6,7,False,7,1,False,0.627095,0.372727
har,rectangular,mexican_hat,8x8,12,0.9,0.03,9000.0,42,15.097847,6,5,False,5,0,False,0.573914,0.406061
har,rectangular,mexican_hat,8x8,12,0.9,0.05,9000.0,42,15.122079,6,5,False,5,0,False,0.574727,0.409938
har,rectangular,mexican_hat,8x8,12,0.9,0.08,9000.0,42,15.165227,6,5,False,5,0,False,0.58051,0.404306
har,rectangular,mexican_hat,8x8,12,1.1,0.03,9000.0,42,14.991004,6,4,False,6,0,False,0.565523,0.4
har,rectangular,mexican_hat,8x8,12,1.1,0.05,9000.0,42,14.933292,6,5,False,6,0,False,0.534783,0.449814
har,rectangular,mexican_hat,8x8,12,1.1,0.08,9000.0,42,14.948516,6,5,False,6,0,False,0.542051,0.446524
har,hexagonal,mexican_hat,6x6,12,0.5,0.03,9000.0,42,14.456995,6,9,False,9,0,False,0.658727,0.414815
har,hexagonal,mexican_hat,6x6,12,0.5,0.05,9000.0,42,14.510456,6,9,False,9,0,False,0.620202,0.407407
har,hexagonal,mexican_hat,6x6,12,0.5,0.08,9000.0,42,14.369747,6,10,False,10,0,False,0.644245,0.483333
har,hexagonal,mexican_hat,6x6,12,0.7,0.03,9000.0,42,15.093622,6,5,False,5,0,False,0.489299,0.431718
har,hexagonal,mexican_hat,6x6,12,0.7,0.05,9000.0,42,15.494641,6,5,False,5,1,False,0.572982,0.350629
har,hexagonal,mexican_hat,6x6,12,0.7,0.08,9000.0,42,15.376442,6,5,False,5,0,False,0.512048,0.351181
har,hexagonal,mexican_hat,6x6,12,0.9,0.03,9000.0,42,15.752119,6,4,False,4,1,False,0.583416,0.34953
har,hexagonal,mexican_hat,6x6,12,0.9,0.05,9000.0,42,15.77944,6,3,False,3,0,False,0.443664,0.350548
har,hexagonal,mexican_hat,6x6,12,0.9,0.08,9000.0,42,15.810938,6,3,False,3,0,False,0.445757,0.350548
har,hexagonal,mexican_hat,6x6,12,1.1,0.03,9000.0,42,14.642488,6,7,False,8,0,False,0.617427,0.484848
har,hexagonal,mexican_hat,6x6,12,1.1,0.05,9000.0,42,15.806103,6,6,True,6,1,False,0.588396,0.350877
har,hexagonal,mexican_hat,6x6,12,1.1,0.08,9000.0,42,14.931021,6,5,False,6,0,False,0.593125,0.449495
har,hexagonal,mexican_hat,7x7,12,0.5,0.03,9000.0,42,14.33444,6,13,False,14,5,False,0.75336,0.483696
har,hexagonal,mexican_hat,7x7,12,0.5,0.05,9000.0,42,14.364444,6,13,False,14,5,False,0.759283,0.466292
har,hexagonal,mexican_hat,7x7,12,0.5,0.08,9000.0,42,14.388775,6,11,False,11,1,False,0.676683,0.488764
har,hexagonal,mexican_hat,7x7,12,0.7,0.03,9000.0,42,15.331217,6,6,True,6,2,False,0.640289,0.424528
har,hexagonal,mexican_hat,7x7,12,0.7,0.05,9000.0,42,15.348119,6,6,True,6,2,False,0.642066,0.428571
har,hexagonal,mexican_hat,7x7,12,0.7,0.08,9000.0,42,14.923231,6,6,True,6,0,False,0.517139,0.439506
har,hexagonal,mexican_hat,7x7,12,0.9,0.03,9000.0,42,15.490617,6,4,False,4,0,False,0.477332,0.351181
har,hexagonal,mexican_hat,7x7,12,0.9,0.05,9000.0,42,15.775933,6,4,False,4,1,False,0.582885,0.351097
har,hexagonal,mexican_hat,7x7,12,0.9,0.08,9000.0,42,15.808534,6,4,False,4,1,False,0.584045,0.351097
har,hexagonal,mexican_hat,7x7,12,1.1,0.03,9000.0,42,14.539381,6,9,False,11,1,False,0.63026,0.497717
har,hexagonal,mexican_hat,7x7,12,1.1,0.05,9000.0,42,14.452685,6,7,False,11,1,False,0.696832,0.455882
har,hexagonal,mexican_hat,7x7,12,1.1,0.08,9000.0,42,14.427397,6,7,False,11,1,False,0.716993,0.455882
har,hexagonal,mexican_hat,8x8,12,0.5,0.03,9000.0,42,14.258322,6,16,False,17,8,False,0.8109,0.444444
har,hexagonal,mexican_hat,8x8,12,0.5,0.05,9000.0,42,14.124365,6,15,False,15,4,False,0.785319,0.448598
har,hexagonal,mexican_hat,8x8,12,0.5,0.08,9000.0,42,14.085391,6,13,False,13,2,False,0.710008,0.454545
har,hexagonal,mexican_hat,8x8,12,0.7,0.03,9000.0,42,14.721079,6,9,False,9,3,False,0.718819,0.421875
har,hexagonal,mexican_hat,8x8,12,0.7,0.05,9000.0,42,14.759755,6,9,False,9,3,False,0.716104,0.414634
har,hexagonal,mexican_hat,8x8,12,0.7,0.08,9000.0,42,14.61482,6,8,False,8,1,False,0.650774,0.420635
har,hexagonal,mexican_hat,8x8,12,0.9,0.03,9000.0,42,15.095951,6,5,False,5,0,False,0.561872,0.362319
har,hexagonal,mexican_hat,8x8,12,0.9,0.05,9000.0,42,15.177369,6,5,False,5,0,False,0.580336,0.449438
har,hexagonal,mexican_hat,8x8,12,0.9,0.08,9000.0,42,15.376139,6,4,False,4,0,False,0.45804,0.420091
har,hexagonal,mexican_hat,8x8,12,1.1,0.03,9000.0,42,14.247498,6,7,False,11,0,False,0.652489,0.387097
har,hexagonal,mexican_hat,8x8,12,1.1,0.05,9000.0,42,14.486303,6,5,False,9,0,False,0.645767,0.459259
har,hexagonal,mexican_hat,8x8,12,1.1,0.08,9000.0,42,14.584628,6,8,False,9,0,False,0.629338,0.5
